id,predicted_generated
0000aaaa,0.006732495511669659
1111bbbb,0.006732495511669659
2222cccc,0.006732495511669659
